{
  "$schema": "./node_modules/nx/schemas/nx-schema.json",
  "namedInputs": {
    "default": ["{projectRoot}/**/*", "sharedGlobals"],
    "production": [
      "default",
      "!{projectRoot}/.eslintrc.json",
      "!{projectRoot}/eslint.config.mjs",
      "!{projectRoot}/**/?(*.)+(spec|test).[jt]s?(x)?(.snap)",
      "!{projectRoot}/tsconfig.spec.json",
      "!{projectRoot}/jest.config.[jt]s",
      "!{projectRoot}/src/test-setup.[jt]s",
      "!{projectRoot}/test-setup.[jt]s"
    ],
    "sharedGlobals": []
  },
  "plugins": [
    {
      "plugin": "@nx/webpack/plugin",
      "options": {
        "buildTargetName": "build",
        "serveTargetName": "serve",
        "previewTargetName": "preview",
        "buildDepsTargetName": "build-deps",
        "watchDepsTargetName": "watch-deps"
      }
    },
    {
      "plugin": "@nx/playwright/plugin",
      "options": {
        "targetName": "e2e"
      }
    },
    {
      "plugin": "@nx/eslint/plugin",
      "options": {
        "targetName": "lint"
      }
    }
  ],
  "targetDefaults": {
    "@angular-devkit/build-angular:application": {
      "cache": true,
      "dependsOn": ["^build"],
      "inputs": ["production", "^production"]
    },
    "@nx/eslint:lint": {
      "cache": true,
      "inputs": [
        "default",
        "{workspaceRoot}/.eslintrc.json",
        "{workspaceRoot}/.eslintignore",
        "{workspaceRoot}/eslint.config.mjs"
      ]
    },
    "@nx/jest:jest": {
      "cache": true,
      "inputs": ["default", "^production", "{workspaceRoot}/jest.preset.js"],
      "options": {
        "passWithNoTests": true
      },
      "configurations": {
        "ci": {
          "ci": true,
          "codeCoverage": true
        }
      }
    },
    "@nx/js:tsc": {
      "cache": true,
      "dependsOn": ["^build"],
      "inputs": ["production", "^production"]
    }
  },
  "generators": {
    "@nx/angular:application": {
      "e2eTestRunner": "playwright",
      "linter": "eslint",
      "style": "scss",
      "unitTestRunner": "jest"
    }
  }
}
